{
  "best_experiment": {
    "seed": 888,
    "config": {
      "downsampled_upweight": 60,
      "target_ratio": 0.45,
      "max_epochs": 500,
      "patience": 20,
      "learning_rate": 0.001,
      "weight_decay": 0.01,
      "focal_gamma": 2.0,
      "focal_weight": 0.7,
      "model_params": {
        "hidden_dim": 64,
        "heads": 4,
        "num_gnn_layers": 3,
        "dropout": 0.3
      }
    },
    "start_time": "2025-10-13T16:47:47.303099",
    "train_losses": [
      3283.13525390625,
      1895.466796875,
      1129.995849609375,
      781.909912109375,
      547.25439453125,
      423.37933349609375,
      345.2722473144531,
      259.391357421875,
      206.91024780273438,
      157.68565368652344,
      134.09579467773438,
      139.54295349121094,
      113.6352310180664,
      100.37660217285156,
      81.4249267578125,
      70.8808822631836,
      60.92201232910156,
      47.062034606933594,
      62.40231704711914,
      29.608165740966797,
      29.065555572509766,
      18.678831100463867,
      10.348709106445312,
      5.87711763381958,
      3.8825087547302246,
      3.2743191719055176,
      2.1773557662963867,
      1.6077309846878052,
      1.2474476099014282,
      0.9193497896194458,
      0.6903424263000488,
      0.6444512009620667,
      0.5300833582878113,
      0.3916597366333008
    ],
    "val_metrics": [
      {
        "auc": 0.506962962962963,
        "ap": 0.08464553393385134,
        "f1": 0,
        "precision": 0,
        "recall": 0.0,
        "specificity": 1.0,
        "optimal_threshold": 1.0,
        "confusion_matrix": [
          13500,
          0,
          1231,
          0
        ]
      },
      {
        "auc": 0.5162135270932997,
        "ap": 0.08612466110929051,
        "f1": 0,
        "precision": 0,
        "recall": 0.0,
        "specificity": 1.0,
        "optimal_threshold": 1.0,
        "confusion_matrix": [
          13500,
          0,
          1231,
          0
        ]
      },
      {
        "auc": 0.5879097993200348,
        "ap": 0.0997154103514909,
        "f1": 0,
        "precision": 0,
        "recall": 0.0,
        "specificity": 1.0,
        "optimal_threshold": 1.0,
        "confusion_matrix": [
          13500,
          0,
          1231,
          0
        ]
      },
      {
        "auc": 0.7210654992929565,
        "ap": 0.14178019621627394,
        "f1": 0,
        "precision": 0,
        "recall": 0.0,
        "specificity": 1.0,
        "optimal_threshold": 1.0,
        "confusion_matrix": [
          13500,
          0,
          1231,
          0
        ]
      },
      {
        "auc": 0.7978020278605169,
        "ap": 0.1886406670040568,
        "f1": 0,
        "precision": 0,
        "recall": 0.0,
        "specificity": 1.0,
        "optimal_threshold": 1.0,
        "confusion_matrix": [
          13500,
          0,
          1231,
          0
        ]
      },
      {
        "auc": 0.8712496013478954,
        "ap": 0.28162518435590034,
        "f1": 0,
        "precision": 0,
        "recall": 0.0,
        "specificity": 1.0,
        "optimal_threshold": 1.0,
        "confusion_matrix": [
          13500,
          0,
          1231,
          0
        ]
      },
      {
        "auc": 0.8571530824081596,
        "ap": 0.2568712188203085,
        "f1": 0,
        "precision": 0,
        "recall": 0.0,
        "specificity": 1.0,
        "optimal_threshold": 1.0,
        "confusion_matrix": [
          13500,
          0,
          1231,
          0
        ]
      },
      {
        "auc": 0.84997993200349,
        "ap": 0.2506088136858708,
        "f1": 0,
        "precision": 0,
        "recall": 0.0,
        "specificity": 1.0,
        "optimal_threshold": 1.0,
        "confusion_matrix": [
          13500,
          0,
          1231,
          0
        ]
      },
      {
        "auc": 0.8750031290429341,
        "ap": 0.29110250820434075,
        "f1": 0.4614727854855923,
        "precision": 0.31297046902142445,
        "recall": 0.8781478472786353,
        "specificity": 0.8242222222222222,
        "optimal_threshold": 0.9367579817771912,
        "confusion_matrix": [
          11127,
          2373,
          150,
          1081
        ]
      },
      {
        "auc": 0.8825043475644613,
        "ap": 0.3124799163855139,
        "f1": 0.4682884448305821,
        "precision": 0.3195967981025793,
        "recall": 0.875710804224208,
        "specificity": 0.83,
        "optimal_threshold": 0.9998688697814941,
        "confusion_matrix": [
          11205,
          2295,
          153,
          1078
        ]
      },
      {
        "auc": 0.8852251406564974,
        "ap": 0.3195974936461513,
        "f1": 0,
        "precision": 0,
        "recall": 0.0,
        "specificity": 1.0,
        "optimal_threshold": 1.0,
        "confusion_matrix": [
          13500,
          0,
          1231,
          0
        ]
      },
      {
        "auc": 0.8879352829677769,
        "ap": 0.3147621664592374,
        "f1": 0,
        "precision": 0,
        "recall": 0.0,
        "specificity": 1.0,
        "optimal_threshold": 1.0,
        "confusion_matrix": [
          13500,
          0,
          1231,
          0
        ]
      },
      {
        "auc": 0.8779565544423384,
        "ap": 0.29394571308207307,
        "f1": 0,
        "precision": 0,
        "recall": 0.0,
        "specificity": 1.0,
        "optimal_threshold": 1.0,
        "confusion_matrix": [
          13500,
          0,
          1231,
          0
        ]
      },
      {
        "auc": 0.9603985919306797,
        "ap": 0.6136341137383966,
        "f1": 0.7244929797191888,
        "precision": 0.5881458966565349,
        "recall": 0.9431356620633631,
        "specificity": 0.9397777777777778,
        "optimal_threshold": 0.934184730052948,
        "confusion_matrix": [
          12687,
          813,
          70,
          1161
        ]
      },
      {
        "auc": 0.9057803351686373,
        "ap": 0.37452827523479437,
        "f1": 0.5220045789875349,
        "precision": 0.38,
        "recall": 0.8334687246141349,
        "specificity": 0.876,
        "optimal_threshold": 0.9999741315841675,
        "confusion_matrix": [
          11826,
          1674,
          205,
          1026
        ]
      },
      {
        "auc": 0.8657179348316635,
        "ap": 0.2701856892872692,
        "f1": 0,
        "precision": 0,
        "recall": 0.0,
        "specificity": 1.0,
        "optimal_threshold": 1.0,
        "confusion_matrix": [
          13500,
          0,
          1231,
          0
        ]
      },
      {
        "auc": 0.8884882209585702,
        "ap": 0.3122361249939082,
        "f1": 0,
        "precision": 0,
        "recall": 0.0,
        "specificity": 1.0,
        "optimal_threshold": 1.0,
        "confusion_matrix": [
          13500,
          0,
          1231,
          0
        ]
      },
      {
        "auc": 0.8497189277010561,
        "ap": 0.2459219406434488,
        "f1": 0,
        "precision": 0,
        "recall": 0.0,
        "specificity": 1.0,
        "optimal_threshold": 1.0,
        "confusion_matrix": [
          13500,
          0,
          1231,
          0
        ]
      },
      {
        "auc": 0.8674601197460661,
        "ap": 0.27179250481819806,
        "f1": 0.423705453829494,
        "precision": 0.2796257796257796,
        "recall": 0.8740861088545898,
        "specificity": 0.7946666666666666,
        "optimal_threshold": 0.9999994039535522,
        "confusion_matrix": [
          10728,
          2772,
          155,
          1076
        ]
      },
      {
        "auc": 0.8342411469145832,
        "ap": 0.23718849237703565,
        "f1": 0,
        "precision": 0,
        "recall": 0.0,
        "specificity": 1.0,
        "optimal_threshold": 1.0,
        "confusion_matrix": [
          13500,
          0,
          1231,
          0
        ]
      },
      {
        "auc": 0.7177940247314738,