Model,AUC-ROC,AUC-PR,F1-Score,Precision,Recall,Specificity,TP,FP,TN,FN
Best GAT Model,0.9764728766134129,0.7774854800004574,0.8127159640635798,0.7071557426337943,0.9553208773354996,0.963925925925926,1176,487,13013,55
Logistic Regression,0.9829573667900232,0.8049441254650896,0.5152214990552173,0.34739524348810874,0.9967506092607636,0.8292592592592593,1227,2305,11195,4
Random Forest,0.9997778379516804,0.9961933561808798,0.21833983682156793,0.12254853160776506,1.0,0.3471111111111111,1231,8814,4686,0
Gradient Boosting,0.982688329271595,0.7666524829046747,0.15424132314246336,0.08356527051795533,1.0,0.0,1231,13500,0,0
